ID,Nome,Et√†,Regione,Salario,Verificato
829744,Elona,,Sicilia,1921,NO
800269,Cheikh,53,Abruzzo,1563,SI
823929,Girolama,30,Emilia Romagna,2144,SI
842108,Marwa,60,Umbria,1798,NO
861546,<NA>,26,Toscana,2192,SI
888819,Edda,21,Lombardia,2339,NO
892629,Onorina,49,,1692,NO
839487,Natascia,40,Lazio,2261,SI
849691,Pellumb,28,,2680,NO
864272,Kristina,34,Marche,1684,SI
841782,Mimoza,46,Toscana,2554,SI
883360,Brian,52,Calabria,1449,NO
853042,Giuseppe paolo,60,Molise,2334,SI
825543,Bianca,52,,2195,SI
872326,Deborah,29,,1787,NO
817287,Brigida,55,Sicilia,1631,NO
854798,Melisa,63,Veneto,2455,
846002,Lilia,,Emilia Romagna,2097,
824333,Lilia,37,,1778,NO
897435,Rita rosa,37,Lombardia,,NO
857852,Adil,22,Lombardia,2181,SI
803982,Olena,53,Basilicata,1784,NO
896972,Donata,25,Emilia Romagna,1763,SI
864361,Igor,,,2664,NO
867467,Xhesika,61,Lombardia,2462,NO
894611,Franca angela,31,Sicilia,,NO
803526,Siria,54,,1866,SI
815682,Michel,63,Puglia,1911,NO
824262,Maria luisa,47,Umbria,1710,NO
891558,Franca angela,24,,2688,SI
892380,Aurelio,25,,2196,SI
893121,Giuseppe francesco,44,Trentino-Alto Adige,2077,NO
872407,Morgana,33,Abruzzo,,SI
858151,Giliola,22,Toscana,2350,NO
833627,Larisa,36,Marche,1756,SI
817478,Giannino,37,Abruzzo,1425,
831599,Massimo,51,Emilia Romagna,2245,SI
869854,Maria stefania,24,Trentino-Alto Adige,1471,SI
805210,Samir,20,Calabria,2111,SI
801160,Gina,,Puglia,2322,SI
800127,Gianmarco,41,Sicilia,1507,SI
827610,Salah,29,Liguria,2667,NO
805193,Giuseppino,56,Campania,2533,NO
826433,Barbara,61,Liguria,,NO
835273,Gianna,52,Sicilia,1904,SI
813931,Ernest,54,Sicilia,1991,NO
811482,Catena,26,Lombardia,2530,NO
830192,Liborio,48,Piemonte,1457,NO
883511,Alessandra,56,Valle d'Aosta,1734,NO
881251,Maria orazia,45,,1334,SI
822438,Sophia,20,Calabria,1463,SI
846219,Matias,40,,1371,SI
893633,Dario,52,Sicilia,2197,NO
896046,Ottavio,23,Valle d'Aosta,,NO
800514,Abdelaziz,24,Calabria,2311,SI
810483,Nicoletta,63,,1612,NO
887926,Dafina,18,Trentino-Alto Adige,1963,SI
822225,Edda,30,Basilicata,1447,SI
810427,Sandrina,50,Marche,1767,NO
809061,Alberto paolo,21,Marche,1768,NO
885663,Bright,19,,2299,SI
840979,Maela,20,Molise,1917,SI
806901,Gian paolo,20,Molise,2414,SI
806365,Pietra,21,Veneto,,SI
838348,Sergiu,62,Lombardia,2372,NO
818411,Florinde,34,Lombardia,2477,SI
898380,Marjan,31,Piemonte,1946,SI
832437,Larisa,53,Veneto,2237,SI
815045,Endri,45,Veneto,2280,NO
824494,Evelin,55,Calabria,2697,SI
847207,Tullio,54,Basilicata,2113,NO
802006,Ciprian,49,Liguria,2253,NO
878054,<NA>,48,Emilia Romagna,1642,SI
802884,Mario,63,,1926,NO
867349,Olsi,32,Marche,1602,NO
893770,Ali,56,Umbria,2114,SI
872773,Denis,42,Molise,,SI
863866,Liliana,53,Trentino-Alto Adige,2151,SI
881440,Nicolae,60,,1814,NO
870491,Mariam,19,Sicilia,2267,SI
876436,Amanda,62,Sardegna,1580,SI
860913,Hassan,31,Piemonte,2650,SI
841229,Franco angelo,,Calabria,1675,NO
886788,Ryan,37,Trentino-Alto Adige,,NO
883550,Roberto giuseppe,,Friuli-Venezia Giulia,2642,SI
888184,Karima,24,Lazio,1657,NO
870624,Paulin,42,Emilia Romagna,2370,SI
803985,Francesco paolo,55,,2001,NO
842763,Franco giuseppe,34,Marche,2478,NO
808592,Marsela,33,Piemonte,1826,SI
840960,Olena,44,Molise,2581,
808293,Olga,35,Lombardia,2008,SI
862311,Santina,41,Abruzzo,1557,NO
886318,Doris,52,Molise,,SI
852954,Suada,37,,1558,SI
803154,Giangiacomo,20,Trentino-Alto Adige,1360,NO
813027,Elona,30,Piemonte,1697,SI
896251,Lulzim,37,Emilia Romagna,2675,SI
825388,Greta,46,Sardegna,2162,NO
811760,Aziz,27,Piemonte,2323,NO
873815,Secondo,33,Campania,2525,SI
892254,Cosimo damiano,43,Molise,2151,SI
840114,Giannina,21,Liguria,2180,NO
870171,Alessandro,,Emilia Romagna,,
853848,Elia,44,,1817,SI
821840,Lavinia,20,Piemonte,1532,NO
855636,Raffaela,51,Lazio,1998,NO
843482,Franca maria,18,Toscana,,SI
860027,David,,Sicilia,2619,SI
832557,Anita,40,,1819,SI
863728,Florenc,40,Sicilia,2504,NO
837297,Ginevra,33,Marche,2435,SI
843915,Yasser,53,Puglia,2611,NO
844569,Giuseppa,30,Campania,2050,SI
867706,<NA>,34,Lombardia,,SI
820781,Genc,20,Lazio,2549,NO
888873,Mateo,55,Liguria,2226,SI
843294,Greta,32,Abruzzo,2491,SI
837555,Stefania,34,Toscana,1622,SI
829697,<NA>,31,Calabria,1333,SI
859778,Francesca maria,55,Abruzzo,1670,SI
865861,Rachid,62,Veneto,2120,SI
883375,Biagio,52,Emilia Romagna,2175,SI
834847,Regina,55,Basilicata,2306,SI
870339,Larisa,22,Liguria,2455,SI
877977,Daniele,35,,1328,SI
831157,Giliola,18,Lazio,2082,SI
806367,Camilla,29,Basilicata,2151,SI
857334,Evelin,47,Valle d'Aosta,1368,SI
848663,Gabriela,25,Marche,1876,NO
834999,Ketrin,56,,1496,SI
810955,Larisa,50,,,SI
839664,Pranvera,,Calabria,2626,SI
879572,Michaela,19,Marche,2135,NO
872650,Amina,53,Calabria,1666,NO
845059,Enrichetta,42,Lazio,2288,SI
876851,Calogero salvatore,40,,,SI
897284,Fatos,47,Calabria,2334,SI
845752,Marjana,63,Trentino-Alto Adige,2410,NO
847076,Nicoleta,45,Lombardia,2688,SI
810656,Giacinto,54,Lombardia,2425,NO
855406,Biagio,50,,1490,SI
882274,Matilda,46,Emilia Romagna,1352,NO
881661,Calogera,46,Trentino-Alto Adige,2529,SI
853951,Maria antonia,,Trentino-Alto Adige,1765,SI
860029,Guglielmo,22,Basilicata,1652,NO
892019,Tomas,35,,2167,SI
808799,Luca maria,38,Puglia,2530,NO
815686,Giambattista,58,,1475,
807083,Marta,59,,2336,NO
806167,Bianca,50,Liguria,2047,SI
828329,Emiliano,50,,2374,NO
817663,Gionatan,28,Marche,1716,NO
889542,Giovanni maria,53,Lazio,1424,NO
852444,Giampiero,37,,2084,NO
801322,Lucrezia,63,Toscana,1776,NO
803682,Angela maria,55,Valle d'Aosta,2581,SI
890296,Ion,28,Friuli-Venezia Giulia,1371,SI
875635,<NA>,43,Lazio,1524,NO
865766,Klodjan,49,,1362,SI
800317,Sergio,60,,1487,SI
846750,Piergiorgio,27,Friuli-Venezia Giulia,1780,SI
883264,Luigj,,Abruzzo,2453,SI
804044,Antonia,21,Valle d'Aosta,1705,NO
885630,Hassan,52,Lazio,2117,SI
822966,Salvatrice,56,Toscana,1954,NO
829506,<NA>,33,,2604,SI
804082,Antonello,30,Molise,1496,SI
817106,Viorica,19,Marche,1900,SI
874162,Norman,57,Sardegna,1910,SI
877615,Pier mario,48,Abruzzo,1562,NO
843407,Sofia,30,Marche,1724,NO
806495,Isabelle,25,Campania,1532,SI
874133,Vitalie,63,Friuli-Venezia Giulia,1861,SI
815585,Melisa,59,Basilicata,,NO
887450,William,63,Basilicata,1771,SI
863890,Ciro,47,Campania,2012,NO
805778,Enza maria,54,Abruzzo,1643,SI
822624,Ivan,29,Basilicata,2065,NO
801514,Luigino,23,Sardegna,2200,NO
873947,Rosemma,63,Toscana,1854,NO
802791,Arturo,40,Trentino-Alto Adige,1565,NO
820434,Nunzio,57,Trentino-Alto Adige,1468,NO
820354,Latifa,40,,1695,SI
810238,Tonino,21,Basilicata,,SI
870966,Liana,45,Lombardia,1641,NO
842530,Maristella,32,,2373,SI
892713,Oliviero,19,Liguria,1641,NO
888810,Ousman,,Friuli-Venezia Giulia,1476,SI
854413,Anita,26,Puglia,1630,SI
880888,Mounir,53,Valle d'Aosta,1943,SI
809762,Rodica,24,,2001,NO
889019,Eleonora,22,Trentino-Alto Adige,1922,NO
890414,Cono,32,Calabria,2470,NO
831071,Oreste,24,,2063,NO
833706,Besmir,18,Puglia,1566,SI
851434,Samanta,19,,,SI
858849,Pierluigi,43,Veneto,1506,SI
859414,Sebastiana,35,Abruzzo,2119,NO
871873,Nadia,59,Sardegna,2389,SI
832946,Duilio,58,Piemonte,2534,NO
840899,Ferruccio,58,Toscana,2136,NO
827035,Maurizio,62,Abruzzo,2560,NO
802818,Natascia,48,Piemonte,,SI
884919,Kujtim,60,Molise,2195,NO
810387,Godstime,56,Basilicata,1327,
880706,Cecilia,54,Trentino-Alto Adige,1560,SI
810683,Alexandra,33,Sicilia,,SI
840317,Clarissa,47,Friuli-Venezia Giulia,2120,SI
822900,Massimiliano,28,Piemonte,2120,NO
865743,Sabire,29,Lombardia,,NO
857233,<NA>,46,Veneto,2264,
844706,Luciano,20,Valle d'Aosta,2319,NO
853364,Adriano,49,Abruzzo,1837,NO
876481,Maria franca,58,Friuli-Venezia Giulia,2641,SI
805985,Jannat,23,Basilicata,1480,NO
846641,Daniel,31,Calabria,2234,SI
846386,Aniello,56,Lombardia,2265,SI
815654,Gaia,56,Marche,2491,SI
809213,Sebastian,24,Marche,,SI
892940,Aurica,63,Veneto,1369,NO
831724,Gioia,47,Valle d'Aosta,1856,NO
857449,Entela,19,Umbria,1884,SI
885427,Amira,24,Sardegna,2005,SI
853109,Felicia,49,Toscana,1832,SI
804803,Attilio,34,Basilicata,2585,SI
808185,Durim,24,Umbria,2642,SI
899133,Eduard,42,Campania,1798,
877352,Giada,25,Marche,2637,SI
845843,Santiago,27,Valle d'Aosta,2229,SI
819091,Hiba,50,Lazio,1988,SI
801943,Hasna,36,Basilicata,1707,NO
834332,Nicolo',55,Abruzzo,1700,SI
865209,Anna rosa,24,Veneto,2293,SI
801076,Hajrije,54,Molise,1505,SI
816440,Asmaa,57,Umbria,2353,NO
869104,Pasqualino,44,Abruzzo,1629,NO
805922,Giuseppa,37,Puglia,2471,SI
829084,Youness,,Lombardia,1752,SI
823595,Albertina,48,Liguria,1639,SI
877484,Demis,21,,1393,NO
808101,Gjergj,55,Marche,2086,SI
862620,Kevin,45,Marche,2313,
867442,Graziana,36,Lazio,1454,NO
853370,Dea,20,Friuli-Venezia Giulia,2686,SI
865584,Isaac,61,Molise,2069,NO
892749,Hasna,41,Trentino-Alto Adige,1581,
850968,Jenny,41,Emilia Romagna,2019,NO
872006,Elena,,Calabria,1999,SI
861541,Kristian,33,Lombardia,1779,SI
826323,Giusj,43,Veneto,2287,NO
808928,Kastriot,43,Piemonte,,SI
853902,Girolamo,22,Trentino-Alto Adige,1417,SI
805788,<NA>,23,Marche,1435,SI
850969,Virgilio,63,Emilia Romagna,1775,SI
837075,Brigida,44,Molise,1891,NO
828338,Divine,57,Liguria,2379,NO
829277,Hafsa,38,,2698,NO
865739,Santa,30,,1357,NO
809038,Milena,56,Liguria,1892,SI
837352,Noemi,52,Friuli-Venezia Giulia,2424,SI
885941,Ornela,,,1702,NO
841577,Samuela,18,Molise,1474,NO
872833,Leonardo,41,Campania,1507,SI
814578,Petra,24,Liguria,2284,NO
817346,Ettore,28,Sardegna,2201,NO
876271,Damian,46,Lazio,,NO
835618,Faith,37,Umbria,1806,NO
875024,Durim,34,Liguria,1692,SI
870600,Lino,50,Valle d'Aosta,2033,NO
825519,Aya,59,Friuli-Venezia Giulia,2324,SI
809316,Mehdi,60,Campania,1542,SI
858479,Teresio,39,,2565,SI
896373,<NA>,61,Basilicata,1640,SI
849580,Valbona,40,,2448,SI
851424,Amin,37,Valle d'Aosta,1428,SI
880589,Beniamino,31,Emilia Romagna,2569,SI
815869,Hafsa,59,Valle d'Aosta,2552,SI
855783,Maria orazia,31,Umbria,,SI
892115,Gregorio,51,Sardegna,2566,NO
865785,Rafael,55,Toscana,1867,SI
885437,Iulian,57,Trentino-Alto Adige,1359,NO
898322,Flora,,Molise,1380,SI
899024,Luca maria,22,Umbria,1943,SI
861999,Maria franca,60,Abruzzo,2533,SI
895382,Sandy,,Sicilia,2549,NO
834501,Deborah,24,Basilicata,1414,SI
853061,Antonino,21,Molise,1979,NO
878172,Nathan,28,Valle d'Aosta,1345,NO
813309,Danila,25,Marche,1466,SI
854232,Giannino,54,,1789,SI
897593,Oriana,20,Lombardia,2174,NO
810407,Moussa,61,Molise,2543,SI
880174,Khadim,40,Campania,2557,NO
821301,Marinela,23,,2498,NO
831105,Khadija,49,Sardegna,2554,NO
819841,Yana,26,,1772,SI
822060,Rahma,,Lombardia,2613,SI
830793,Zita,18,Veneto,,NO
858084,Gisella,32,,1676,SI
866947,Sonia,56,Valle d'Aosta,2253,NO
885946,Klara,50,Trentino-Alto Adige,1562,SI
865456,Ester,36,Sardegna,2171,SI
893048,Emiliana,60,Basilicata,,NO
827973,Selene,35,Toscana,2408,NO
842216,Erisa,51,Lombardia,2453,
839476,Pompeo,,Toscana,2095,NO
848261,Abdoulaye,37,Emilia Romagna,1841,SI
838990,Maria francesca,40,Umbria,2699,SI
822592,Ortensia,62,Campania,,NO
879266,Bernardino,51,Basilicata,1390,SI
802127,Alexandru,53,Piemonte,1864,SI
824882,Cesare,63,Emilia Romagna,2676,NO
807041,Marino,63,Emilia Romagna,1414,NO
828785,Maria giuseppina,37,Molise,1395,
830051,William,47,,1300,
802994,Gabriella maria,34,Piemonte,2363,NO
815160,Lene,28,Calabria,2398,
875313,Ludovico,26,Toscana,1907,SI
841881,Anna piera,44,Trentino-Alto Adige,2385,NO
847036,Aurora,,Campania,2216,
841460,Adriana,35,Basilicata,,SI
846713,Fatna,54,Lombardia,1807,NO
813473,Aldina,35,Sardegna,,SI
800951,Milena,51,,2123,SI
830815,Giuseppe mario,36,,,NO
841190,Layla,40,Veneto,2057,NO
844279,Touria,24,Campania,1392,NO
888168,Stela,49,,,NO
820988,Luigi,63,Friuli-Venezia Giulia,2177,NO
847999,Maria giuseppina,44,Marche,1970,NO
883088,Chanel,,Toscana,,SI
830799,Attilio,,Valle d'Aosta,1367,NO
836056,Luan,53,Abruzzo,1303,NO
866419,Besmir,50,Sicilia,2119,NO
871160,Mirella maria,26,Abruzzo,,NO
839278,Klodiana,29,Valle d'Aosta,1316,SI
858349,Kloe,53,Emilia Romagna,1689,NO
830438,Franca,26,,2694,NO
809158,Francesco paolo,45,Liguria,2251,SI
871529,Rodolfo,46,Liguria,,SI
875537,Enrichetta,40,Sardegna,1428,SI
873770,Clementina,,Abruzzo,2349,SI
854624,Maria stella,52,Calabria,2094,NO
834317,Diletta,27,Lazio,1670,NO
896912,Youness,49,Lombardia,,SI
833840,Mariantonia,,Friuli-Venezia Giulia,2062,NO
820000,Antonino,46,Molise,1630,
882139,Denise,24,Calabria,1747,NO
829680,Natalina,45,Sicilia,2457,NO
833050,Hajar,46,Lombardia,1920,NO
886934,Nelea,40,Trentino-Alto Adige,2686,NO
892532,Nada,57,Emilia Romagna,2107,NO
898554,Bedri,52,Liguria,1970,NO
896755,Daisy,23,Sardegna,1831,NO
840035,Anna teresa,61,Piemonte,1758,
848993,Norberto,27,Friuli-Venezia Giulia,2431,SI
896814,Lorenza,20,Sicilia,1379,NO
814937,Savina,40,,1554,NO
851585,Jilali,36,Emilia Romagna,2013,NO
845335,Steven,60,Lombardia,1307,NO
894600,Desara,21,Campania,1443,SI
892807,Leonard,63,Umbria,1738,NO
896543,Liudmyla,55,Piemonte,2461,SI
885485,Anisa,19,Lazio,2361,SI
870325,Shefqet,30,Sardegna,1800,SI
863928,Angiolino,48,Abruzzo,2510,SI
835069,Viktoria,37,Basilicata,2606,SI
899442,Claudio giuseppe,48,,2006,SI
875979,Eufemia,39,Emilia Romagna,2065,NO
830679,Naomi,18,Lombardia,2324,NO
822135,Karim,63,Trentino-Alto Adige,2309,SI
899277,Orazio,29,Lombardia,1918,SI
828078,Maryam,43,Calabria,1947,NO
889703,Iacopo,32,Calabria,2480,NO
870548,Gennaro,35,Sicilia,1794,SI
860438,Kreshnik,19,Molise,2341,NO
860660,Taoufik,48,Friuli-Venezia Giulia,2170,NO
870710,Teuta,43,Sicilia,1338,SI
845202,Marcella,63,Campania,1844,NO
840886,Alesia,47,Campania,2377,
813992,Aicha,24,Calabria,2649,SI
830935,Dashamir,60,Sicilia,2457,SI
824294,Pasquale,29,Sicilia,,SI
835502,Piercarlo,42,Sardegna,2249,SI
840046,Alessandrina,55,Lazio,2035,NO
822124,Annamaria,28,Friuli-Venezia Giulia,,NO
800947,Isabella,42,Sardegna,1736,NO
851383,Maria adele,41,Molise,1831,
886010,Marco antonio,46,Valle d'Aosta,2643,SI
889365,Elia,46,Sardegna,2200,NO
895288,Luciana,28,Marche,1672,NO
836971,Pier carlo,50,Lombardia,1947,NO
830266,Lahcen,,Molise,2233,NO
815003,Norman,42,,2307,SI
890226,Alexandru,21,Toscana,2504,
836430,Marsela,33,Valle d'Aosta,,
879773,Enzo,28,Puglia,1536,NO
811411,Joy,35,Liguria,,SI
838012,Pierluca,63,,,SI
862460,Silvana maria,36,Veneto,1514,NO
812592,Valentina,53,,1701,NO
882045,Giusy,58,Abruzzo,2131,SI
849795,Ali,18,Lombardia,1687,SI
886960,Yana,38,Sardegna,1308,SI
835849,Cristiana,49,,2013,NO
882378,Matthias,21,Valle d'Aosta,2191,NO
898168,Maria,35,Calabria,1706,NO
877563,Altin,48,Umbria,2012,NO
867186,Cono,27,Trentino-Alto Adige,1375,SI
812428,Natalino,40,Lazio,1415,NO
841648,Rafael,62,,2677,NO
880300,Shefqet,36,Sardegna,2028,SI
814093,<NA>,27,,1916,
805887,Elena,48,Campania,2601,SI
829595,Ylber,55,Abruzzo,2549,
800192,Sarah,46,Toscana,2548,NO
821775,Maria stella,,,2254,
802363,Ercole,46,Valle d'Aosta,2099,SI
839538,Samuela,25,,1781,NO
863843,Secondo,28,Toscana,2272,NO
805455,Julian,22,Toscana,2281,SI
875321,Liana,60,,1796,NO
834570,Valter giuseppe,55,Valle d'Aosta,2335,SI
800765,Salvina,24,Umbria,1908,SI
857763,Dalia,40,,1483,SI
864412,Luna,33,Abruzzo,1836,NO
827987,Oliva,51,Piemonte,1798,SI
827302,Matteo,,Umbria,2649,NO
854922,Yassir,19,Abruzzo,1592,NO
802392,Kejsi,,Marche,1773,SI
830344,Dominic,36,Calabria,2054,NO
899122,Roberto maria,34,Sicilia,,SI
878887,Rrok,42,Abruzzo,2574,SI
812769,Maurizia,40,Liguria,1759,NO
890770,Rita rosa,30,Basilicata,2480,NO
827710,Agata,49,Umbria,,NO
882403,Vasilica,36,,1382,SI
873295,Cristian,20,Basilicata,2278,SI
820660,Nabil,22,Umbria,1364,SI
849799,Domenico antonio,59,Valle d'Aosta,1632,SI
869912,Romana,,Lazio,1505,NO
809367,Michele,46,Valle d'Aosta,1686,SI
856210,Ylber,18,Umbria,1662,SI
814461,Genc,22,Marche,1653,SI
867899,Florinda,28,Lombardia,2389,SI
808554,Kawtar,,Lombardia,2228,SI
811816,Augusta,36,Lombardia,1373,NO
871982,Grigore,27,Piemonte,1365,NO
819964,Gianmarco,31,Friuli-Venezia Giulia,1931,SI
848898,Sabire,48,Liguria,1824,SI
898673,Rosanna maria,50,Marche,1638,NO
814579,Lorenzina,38,Trentino-Alto Adige,2122,SI
815239,Roberto giuseppe,,Lazio,2614,NO
835124,Mariana,,,1910,NO
828702,Youssef,51,Puglia,2244,SI
849397,Maria franca,62,Liguria,,NO
833750,Giovanni paolo,57,Marche,1720,NO
876343,Paolo giovanni,26,Valle d'Aosta,2124,SI
832063,Olena,24,Toscana,1616,SI
870012,Bashkim,45,Puglia,1553,NO
843731,Lorena,18,Marche,2159,SI
853354,Patrick,47,Lombardia,,SI
844269,Gian paolo,22,Lazio,2646,SI
805311,Alessandro antonio,25,,1400,NO
816798,Ajla,35,Sicilia,2230,SI
842353,Eric,62,Sicilia,2596,NO
841924,Lea,51,Piemonte,1667,SI
882811,Albana,46,Campania,1862,
876813,<NA>,54,Liguria,1988,NO
889732,Graziella,45,Marche,2217,SI
891616,Emanuel,48,Toscana,1464,SI
879863,Ludovica maria,41,Lazio,1975,SI
864964,Noel,59,Basilicata,2440,SI
829582,Manlio,28,Trentino-Alto Adige,1514,SI
859793,Walter,39,Puglia,2091,SI
820800,Ecaterina,43,Marche,2196,NO
830936,Maria piera,38,Toscana,1649,NO
816589,Cosimo damiano,59,Calabria,2388,NO
817814,Emily,40,Basilicata,2310,NO
827029,Isabella,21,,1997,NO
881261,Aldo,,Friuli-Venezia Giulia,2298,NO
879263,Jason,25,,2178,NO
832870,Paulin,58,Emilia Romagna,2262,NO
874491,Ina,25,Campania,2108,SI
832375,Nello,47,Campania,2172,SI
843948,Adam,53,,1401,SI
878347,Chaimae,58,Basilicata,1378,NO
881155,Pietro paolo,23,Veneto,1495,NO
828814,Giusj,52,Liguria,2582,SI
838224,Mary,59,Lazio,2408,NO
845986,Rosaria,24,Veneto,1344,NO
829123,Michela,36,Veneto,2655,NO
815939,Svitlana,55,Calabria,,NO
820105,Leopoldo,36,Basilicata,2468,SI
839370,Mariangela,37,Puglia,,SI
847453,Asya,48,Liguria,1794,SI
810881,Maria assunta,53,Lazio,1797,SI
874798,Giovanni pietro,52,Friuli-Venezia Giulia,1688,SI
839280,Miguel angel,30,Emilia Romagna,1840,NO
843995,Robert,48,Umbria,2628,NO
878936,Alessia,39,Marche,2215,SI
849004,Giglio,20,Lazio,2671,NO
823141,Mehmet,63,Lombardia,2196,SI
855554,Mounir,59,Puglia,2131,SI
801805,Anastasia,28,Lombardia,1333,
816803,Nives,22,Calabria,1875,SI
841149,Delfina,37,Molise,1888,NO
889044,Liljana,63,Sicilia,1892,NO
836539,Salma,43,Puglia,2617,NO
819172,Pietro domenico,31,Basilicata,1785,SI
869229,Stefano,44,Abruzzo,1448,SI
873752,Hicham,32,,2291,NO
867516,Monica maria,30,Campania,1578,SI
877068,Luca,57,Sardegna,2311,SI
853235,Delia,20,Lazio,1336,SI
856472,Piero giovanni,46,Veneto,1996,
883245,Natalina,47,Calabria,1508,NO
822885,Carlo luigi,20,Lazio,1366,NO
804007,Kejsi,37,Sardegna,,
805603,Ervis,36,Sardegna,2488,SI
890182,Mina,48,Campania,2319,SI
803333,Zef,42,Molise,1447,NO
862168,Anna maria,31,Valle d'Aosta,1534,NO
893208,Elvira,57,,2614,
873057,Najat,37,Campania,1759,NO
830577,Bruna maria,,Basilicata,1626,NO
825295,Vanda,52,Puglia,2465,SI
814966,Concetta,30,Valle d'Aosta,1531,SI
839630,Alexandra,56,Friuli-Venezia Giulia,2555,SI
872937,Malika,21,Friuli-Venezia Giulia,,SI
851432,Bedri,24,Trentino-Alto Adige,1479,NO
860589,Davis,45,Veneto,2036,SI
810448,Elida,49,Trentino-Alto Adige,2509,SI
815528,Genc,53,Calabria,,SI
805736,Giovanni paolo,19,Veneto,2044,NO
833450,Katja,58,Campania,2018,NO
880142,Anis,53,Liguria,2174,NO
838597,Simone,52,Sardegna,1697,SI
876816,Lara,40,Trentino-Alto Adige,2453,NO
817260,Antonela,40,Puglia,1355,SI
841146,Martino,37,Liguria,1848,NO
871283,Dominic,56,Puglia,2507,SI
885935,Giuseppe carlo,26,Umbria,2345,SI
809879,Sandy,19,Sardegna,2006,NO
865650,Blessing,23,Emilia Romagna,,NO
803782,Rebecca maria,63,,2068,SI
816931,Abdellah,22,Veneto,2695,NO
866154,Victoria,25,Veneto,1830,SI
886050,Matias,25,,2528,SI
881295,Michele,27,Abruzzo,2363,NO
837210,Corrado,19,Emilia Romagna,2394,SI
828493,Paolo antonio,28,Puglia,1657,SI
857132,Klara,58,Sicilia,2030,SI
857705,Guido,53,Umbria,2501,NO
857378,Rachida,54,Valle d'Aosta,1620,NO
822580,Gregory,35,Molise,2059,NO
813028,Benito,53,Liguria,2141,NO
899723,Iolanda,53,Lazio,2396,SI
847312,Tetyana,24,Molise,1885,NO
847517,Paolina,20,Calabria,,SI
848163,Gian piero,51,,2399,NO
801937,Anna piera,25,Liguria,2514,SI
878519,Clotilde,51,Abruzzo,1944,NO
840303,Domiziana,45,Molise,1647,SI
868740,Gabriela,25,Valle d'Aosta,1664,SI
807944,Ambrogio,39,Marche,2258,SI
850094,Isabelle,40,Toscana,1515,NO
872912,Giovanna teresa,,Valle d'Aosta,2068,SI
826040,Giambattista,,,1371,SI
845410,Marko,,Liguria,2167,SI
869095,Klodiana,,Toscana,2605,SI
894672,Sante,31,Umbria,2683,NO
876899,Vanda,19,,1541,NO
805498,Bianca,50,,,SI
872446,Kloe,33,Campania,1514,NO
865248,Delfina,56,Friuli-Venezia Giulia,2493,SI
807895,Gennaro,32,Sicilia,2141,NO
832266,Domenico antonio,28,Campania,1359,SI
858649,Mariantonia,35,Calabria,1585,SI
807681,Teresa maria,30,Veneto,1553,NO
885273,Sirya,29,Veneto,1447,NO
847254,Paolo roberto,43,Campania,1312,SI
843536,Isabella,20,,2587,
828071,Maria maddalena,23,Emilia Romagna,2625,NO
817833,Lene,56,Toscana,,NO
873573,Gianluigi,39,Lazio,1481,SI
835173,Delfina,41,Sicilia,,
830963,Artur,46,Molise,2687,SI
828176,Tonino,34,Campania,2378,NO
894109,Luan,39,Molise,1709,NO
861331,Severino,46,Sardegna,2522,SI
814846,Gualtiero,,Friuli-Venezia Giulia,2353,SI
858130,Elio,19,Emilia Romagna,2011,
830351,Giordano,38,Marche,1910,NO
807668,Terezina,54,Molise,,SI
804820,Gentiana,33,Toscana,2118,SI
828014,Franco giovanni,,,1689,SI
893415,Ikram,,Sicilia,2105,NO
850584,Fatmir,51,Veneto,2294,SI
853982,Dario,46,,2502,SI
899270,Mariuccia,49,,2093,NO
860142,Rosa angela,51,Marche,2340,SI
839964,Bruna,50,Trentino-Alto Adige,1974,SI
805862,Marsela,44,Toscana,2208,NO
854832,Edda,29,Calabria,1550,SI
800278,Nicholas,31,Trentino-Alto Adige,2089,SI
854572,Martino,50,Molise,2024,
836489,Pietro,25,Veneto,1338,SI
861093,Annina,22,,1613,
825387,Kawtar,60,Toscana,,SI
896202,Rossella,59,Campania,1378,SI
845191,Jannat,24,Liguria,,NO
822668,Jonathan,20,Liguria,1723,SI
820073,Stiven,,Liguria,1644,SI
807391,Dede,23,Abruzzo,,NO
839813,Gilberto,20,Valle d'Aosta,1866,SI
893443,Eugenia,48,Valle d'Aosta,1679,SI
893500,Iuliia,26,Basilicata,,NO
833157,Damian,23,Basilicata,1481,NO
878072,Erjon,22,Sardegna,2090,SI
869149,Wanda,43,,1604,NO
835918,Lorenza,46,Trentino-Alto Adige,1763,NO
860617,Paolo,58,,1936,NO
858414,Majlinda,23,Molise,1572,NO
819266,Carlo giuseppe,40,Sardegna,2092,SI
837187,Arcangela,18,Calabria,1634,NO
888678,Ersilia,18,Trentino-Alto Adige,2345,NO
880220,Doris,30,Toscana,2603,NO
895607,Doina,27,Trentino-Alto Adige,1904,NO
821082,Marjeta,52,Trentino-Alto Adige,1346,NO
872374,Maria donata,43,Calabria,1370,SI
871959,Anis,19,Umbria,2407,
850337,Ugo,47,Toscana,,NO
833848,Nella maria,21,Emilia Romagna,1453,NO
884000,Franco antonio,27,Marche,,NO
817589,Tommaso,30,,2020,NO
814795,Merita,52,Molise,2234,NO
872677,Martin,20,Friuli-Venezia Giulia,2358,NO
820269,Gabriel,36,Umbria,1589,NO
850322,Maria margherita,37,Piemonte,1693,SI
875760,Lamin,50,Puglia,2319,NO
887950,Juljan,23,Friuli-Venezia Giulia,1941,NO
895171,Khalid,18,Lazio,1665,SI
808260,Alissa,29,,2156,NO
829838,Ketrin,25,,2358,NO
880101,Esterina,63,Calabria,,SI
804367,Maya,29,Campania,1663,SI
870411,Matilde,28,Sardegna,2411,SI
875188,Charaf,30,Puglia,2551,NO
858380,Giusj,29,Sardegna,2458,NO
825715,Luisella,,Marche,1689,SI
870442,Mariarosaria,21,Emilia Romagna,,NO
814026,Fatima zahra,58,Abruzzo,1849,NO
816003,Maurizia,47,Liguria,1541,NO
823011,<NA>,31,,2551,NO
827837,Samuel,63,Molise,1601,NO
897916,Luigina,48,Molise,2052,NO
875821,Marcello,46,Umbria,1937,SI
812022,<NA>,,Toscana,2207,NO
838351,Luna,56,,2135,NO
888867,Paolo giovanni,37,Campania,1907,NO
867711,Esmeralda,34,Molise,1451,SI
814814,Dile,31,,,NO
843444,Melissa,45,Lombardia,1644,SI
813146,Stefano,54,Sardegna,2680,SI
839498,Kate,63,Puglia,2202,SI
854149,Pietro,42,Basilicata,1459,SI
855243,Gentian,62,Campania,1891,
814014,Leopoldo,37,Toscana,1658,NO
885532,Giuseppe mario,62,Molise,1561,SI
891517,Maria rita,43,Piemonte,1952,NO
805021,Emilian,31,Trentino-Alto Adige,2354,NO
808788,Xhesika,58,Emilia Romagna,1459,NO
807834,Gian paolo,18,,1806,SI
854289,Mihail,33,Campania,1940,NO
879006,Raimonda,21,Veneto,1582,NO
838586,Miriam,51,Trentino-Alto Adige,1976,SI
832516,Bernardino,42,Lazio,2139,SI
866949,Abderrahim,31,,1633,SI
850776,Blerta,54,Sicilia,2252,NO
889867,Moussa,37,Friuli-Venezia Giulia,2342,NO
848790,Vincenzo,23,Emilia Romagna,2137,NO
814133,Gianfranca,22,,1949,NO
828456,Meriem,36,Basilicata,,SI
866753,Israa,52,,1671,NO
843914,Salvina,28,Piemonte,1736,NO
868209,Katiuscia,58,,1450,SI
819012,Kristian,53,,2287,NO
816499,Anastasia,55,,2223,NO
826874,Piergiorgio,63,,,SI
865563,Regina,24,Veneto,,NO
833371,Houda,28,Valle d'Aosta,2444,SI
849947,Rebecca,23,Calabria,1476,NO
885127,Domenico giuseppe,19,Veneto,2653,NO
835288,Aleandro,,,2083,NO
895830,<NA>,26,Molise,1848,NO
864743,Sonja,50,Puglia,1837,SI
879529,Simone,39,Piemonte,1816,
858870,Agnese,61,Sicilia,1567,NO
881499,Giovanna teresa,18,Campania,2000,SI
881432,Melisa,,Sardegna,1812,NO
845296,Lorenzo,58,Sicilia,1423,NO
875795,Severina,35,Toscana,2041,NO
859869,Vitore,61,Emilia Romagna,1361,SI
837406,Fatjon,59,Calabria,2617,SI
832672,Daisy,26,Lombardia,1934,NO
834963,Petronela,29,Liguria,1982,NO
843835,Ziad,,Umbria,2144,SI
891783,Esterina,60,Basilicata,2665,NO
848326,Jozefina,59,Sicilia,1643,SI
829736,Elsa,41,Sicilia,,NO
819349,Mor,53,Friuli-Venezia Giulia,2262,SI
823911,Antonino,30,Lombardia,2301,SI
896509,Iuliia,22,,2125,NO
861882,Rosanna maria,40,Veneto,2678,SI
861282,Maria donata,19,Lazio,1951,NO
861503,Sabatino,50,Trentino-Alto Adige,1794,SI
845605,Lahcen,36,Trentino-Alto Adige,2606,NO
839787,Saida,57,Friuli-Venezia Giulia,2166,SI
852513,Yasmin,42,Sardegna,,SI
856565,Remigio,39,Valle d'Aosta,1762,SI
897178,Sergiu,32,Veneto,1329,NO
894520,Manuele,58,Toscana,2438,SI
895906,Jamal,62,Friuli-Venezia Giulia,1309,SI
817444,Ciprian,21,Abruzzo,2581,SI
882764,Abderrahim,35,Basilicata,1840,NO
861415,Vitore,,Sicilia,1911,NO
862458,Giulio,34,Piemonte,,SI
842416,Daria,37,Valle d'Aosta,1604,NO
880612,Zoe,53,Friuli-Venezia Giulia,,SI
813099,Noel,58,Veneto,2383,NO
872651,Roberto,49,Calabria,1699,SI
846339,Elide,63,,2132,SI
857772,Natasha,18,Sardegna,2147,SI
881133,Giuseppe paolo,23,Abruzzo,1657,SI
890266,Alexia,44,Calabria,1902,NO
815406,Klodian,42,Liguria,2180,NO
875257,Daniela maria,47,Lombardia,1408,SI
891750,Dominic,19,Umbria,1729,NO
869501,Lara,43,Puglia,2364,NO
895380,Skender,18,,2262,SI
858035,El mehdi,56,Abruzzo,2110,SI
895406,Gazmend,63,Emilia Romagna,1509,NO
888483,Irma,48,Piemonte,2075,NO
892816,Martino,22,Abruzzo,2287,NO
866589,Ermanna,52,Sardegna,,SI
827661,<NA>,58,Toscana,1602,SI
813010,Wafaa,52,,2650,SI
826023,Olga,30,Lazio,1855,NO
847018,Mor,43,Umbria,1431,SI
886281,Andrei,42,Piemonte,2070,SI
835139,Rahma,31,Valle d'Aosta,1595,SI
862098,Emilio,,Liguria,2334,SI
889720,Dorina,44,Valle d'Aosta,1647,NO
876887,Mauro,55,Calabria,1833,SI
879605,Ardit,54,Trentino-Alto Adige,2048,SI
890887,Gabriel,54,Calabria,1818,NO
838060,Marwa,62,Sardegna,2188,NO
873487,Ibrahim,,,1965,SI
897733,Alfredo,47,,,SI
812160,Hajar,34,Lazio,2372,NO
878925,Giovanni giuseppe,,,2497,SI
895136,Giovanna rosa,26,Liguria,,SI
846416,Elisa,62,Marche,2662,SI
892247,Maria addolorata,32,Piemonte,2384,SI
887189,Antonia maria,,Liguria,1535,SI
852712,Italia,55,Sardegna,1872,SI
829495,Matthias,61,Friuli-Venezia Giulia,2356,SI
830372,Georgeta,24,Abruzzo,1750,NO
824905,Giuseppe antonio,22,Molise,2651,SI
834542,Pier paolo,62,Molise,1639,SI
828459,Diana,53,Sardegna,1370,NO
875835,Aaron,37,,1552,SI
847687,Ferruccio,42,Trentino-Alto Adige,2050,SI
809077,Marian,34,Trentino-Alto Adige,2417,NO
803214,Oxana,55,Abruzzo,1481,SI
813388,Viktor,21,Sicilia,2379,SI
898916,Rina,24,Sardegna,,SI
837099,Tatjana,60,Piemonte,1353,NO
848835,<NA>,53,Toscana,1604,SI
896848,Ledina,23,Umbria,2562,SI
891961,Shefqet,57,Marche,1724,NO
831050,Ruben,59,Veneto,2550,NO
825983,Marsel,58,Trentino-Alto Adige,1919,NO
818938,Maria lucia,41,Piemonte,,SI
884911,Adriano,51,Puglia,1538,SI
821944,Ruben,,Lombardia,,SI
871801,Roberto antonio,29,Basilicata,1361,SI
858859,Bouchra,32,Umbria,1750,NO
885060,Marsida,46,Piemonte,2436,SI
844092,Giacomina,39,Friuli-Venezia Giulia,2452,SI
874761,Flavia,62,,2335,NO
816928,Ilir,18,Molise,2504,SI
818532,Manjola,49,Molise,1536,SI
817776,Simonetta,36,Toscana,2036,
876361,Massimiliano,36,Valle d'Aosta,,NO
848236,Edgardo,41,Sicilia,1756,SI
898108,Klodian,40,Piemonte,2435,SI
808666,Clementina,45,Emilia Romagna,2250,NO
846582,Mioara,55,,1790,NO
837930,Bakary,26,,1736,NO
880238,Florinde,,Basilicata,1405,NO
861196,Aya,26,Liguria,1558,SI
809294,Brian,34,Sardegna,1881,NO
894421,Giulietta,40,,2123,NO
825834,Nizar,50,Lazio,1692,SI
844204,Daniel,37,Lazio,1347,NO
834575,Ferdinando,40,Toscana,,NO
892880,Elide,,Piemonte,,
876058,Stiven,39,Friuli-Venezia Giulia,2169,NO
821608,Fortunato,57,Calabria,1301,SI
834192,Orlando,62,Friuli-Venezia Giulia,1364,
871091,Enrica,47,Umbria,,NO
867313,Erjon,31,Emilia Romagna,2436,NO
850898,Valeriu,42,,,SI
872535,Gualtiero,21,Marche,,SI
843691,Filippa,60,Basilicata,,NO
801844,Mary,33,,,NO
817648,Alessandro antonio,57,Emilia Romagna,1854,NO
803410,Flavia,20,Veneto,1534,SI
833788,Giulia,47,Calabria,2093,SI
845463,Giuseppa,60,Friuli-Venezia Giulia,1404,SI
858744,Dennis,54,Puglia,1485,NO
851840,Patrik,60,Puglia,,SI
844633,Miranda,,Campania,1385,SI
826045,Iris,22,Trentino-Alto Adige,1999,NO
840202,Agnese,23,,1671,SI
879804,Delfina,22,Abruzzo,2304,
867390,Giuseppe secondo,22,Marche,1952,SI
827728,Anxhela,23,Valle d'Aosta,1375,SI
894379,Oliva,37,,2168,SI
822007,Adela,50,Friuli-Venezia Giulia,2212,NO
887336,Celeste,19,Emilia Romagna,2131,NO
832808,Magda,40,Toscana,,SI
824557,Teuta,48,Marche,2433,SI
882956,Blerina,34,Veneto,,SI
871273,Adrian,25,Sardegna,1625,NO
892147,<NA>,40,Sardegna,1318,NO
876591,Monia,55,Piemonte,2254,SI
861583,Orazia,37,Molise,1569,SI
832041,Alfonsina,36,Friuli-Venezia Giulia,1426,SI
878536,Gian franco,40,Valle d'Aosta,1817,NO
820588,Lulzim,27,Friuli-Venezia Giulia,2484,NO
809687,Kristian,60,Sardegna,2012,NO
858880,Irena,54,Sardegna,2695,NO
804668,Majlinda,28,Lazio,1336,NO
849710,Alessia,59,,1422,SI
866447,Francesco pio,45,Molise,2031,NO
816621,Israa,53,Marche,2146,SI
882422,Marjana,41,,2570,NO
820424,Valentina,41,Basilicata,2408,SI
845543,Brahim,54,Friuli-Venezia Giulia,1338,SI
861556,<NA>,52,Friuli-Venezia Giulia,2630,NO
841410,Sebastiana,32,Liguria,1902,
878892,Gaspare,28,Marche,1656,SI
882807,Ayoub,21,Marche,2690,NO
851161,Gian paolo,25,Lombardia,2542,SI
889157,Norina,,Abruzzo,1382,SI
892869,Gian paolo,24,Campania,2597,NO
849880,Irma,49,,2378,NO
839906,Pierpaola,27,Veneto,2605,NO
809732,Abdelali,55,,2217,NO
808612,Maria rosaria,,Trentino-Alto Adige,2358,SI
888610,Ibrahim,36,Trentino-Alto Adige,2430,NO
803622,Sveva,27,Toscana,1697,SI
866485,Petra,22,Sardegna,2366,SI
854826,Pasquale,26,,1808,NO
820626,Candida,48,,2564,SI
894091,Celeste,60,Campania,2012,SI
801339,Giusy,,Abruzzo,1719,SI
892649,Bardhul,51,Sicilia,2298,NO
835901,Andrea,,Lombardia,2000,NO
873888,Velia,28,Lazio,2684,SI
807605,Xhuljana,26,Valle d'Aosta,1684,SI
832782,Alice,33,Abruzzo,2296,SI
802743,Viktor,44,Friuli-Venezia Giulia,2025,NO
855485,Irene,62,Valle d'Aosta,2228,SI
877568,Piergiorgio,60,Basilicata,,SI
813762,Aferdita,22,Marche,1413,SI
825875,Andrei,,,2594,NO
828472,Guido,28,,1311,SI
846633,Carlo,24,Liguria,2278,NO
836113,Catterina,21,Lombardia,1659,NO
854507,Rachel,20,Piemonte,,NO
825585,Giuseppa,35,Campania,2252,SI
835397,Stiven,48,Valle d'Aosta,2502,SI
818405,Yahya,44,,1323,SI
876718,Silvia,61,Lazio,2263,NO
832373,Erisa,27,,1741,SI
858047,Sophia,19,Friuli-Venezia Giulia,2110,NO
813696,Mehdi,29,Toscana,,NO
878099,Amine,25,Sicilia,2088,NO
881664,Gianfranco,38,Puglia,2560,NO
842042,Shpetim,18,Sardegna,1660,SI
831536,Ariel,19,Umbria,1363,SI
844195,Calogero,21,Basilicata,2366,SI
821225,Luciana,19,Molise,1583,SI
874536,Attilio,28,Veneto,1788,NO
895754,Maria cristina,31,,1324,SI
866499,Abderrahmane,61,Friuli-Venezia Giulia,2604,
819484,Lorena,53,Lazio,2656,SI
804538,Esmeralda,34,Veneto,2144,SI
811468,Francesco giovanni,33,Toscana,1570,NO
839210,Ermira,52,,1377,SI
820961,Miranda,,Basilicata,1710,NO
872395,Alice,29,,1895,SI
890781,<NA>,,Campania,2503,SI
813209,Lilia,41,Liguria,2276,
878433,Brayan,25,Emilia Romagna,1485,NO
899022,Taulant,,,1882,SI
850155,Carmen,29,Friuli-Venezia Giulia,2285,SI
844117,Rocchina,25,Abruzzo,2424,NO
849673,<NA>,20,Liguria,2070,SI
893990,Domenico,21,Lazio,1565,SI
884872,Arjan,18,Puglia,1398,SI
846434,Dylan,36,Piemonte,1813,NO
877036,Yassine,31,Umbria,2330,SI
807356,John,22,Piemonte,,NO
890134,Franca angela,,Valle d'Aosta,1509,SI
834844,Brigida,22,Lazio,2257,SI
809410,Fernando,42,Campania,1951,
801578,William,33,Liguria,1990,NO
812419,Rosellina,55,Sicilia,1501,SI
887894,Gianluca,61,Umbria,1901,SI
836140,Giovanni carlo,23,Trentino-Alto Adige,1409,NO
808336,Gregory,40,Calabria,1467,NO
854137,Attilio,,,1387,NO
823091,Donatina,34,Umbria,1440,SI
861743,<NA>,45,Emilia Romagna,2405,NO
849322,Ersilia,54,Molise,1396,
827474,Zakaria,41,Trentino-Alto Adige,1323,NO
811394,Ferruccio,41,Lombardia,1415,SI
889702,Mario luigi,22,Lombardia,1869,NO
808038,Bright,61,Campania,1321,SI
862770,Anna,55,Abruzzo,,NO
888009,Ethan,20,Liguria,1864,NO
800585,Amina,40,Puglia,2637,SI
897686,Nicolino,58,Toscana,1407,NO
892062,Lauro,49,Veneto,2538,
873515,Lule,37,Basilicata,2179,NO
803464,Celestino,48,Lombardia,1519,NO
892784,Micaela,40,Lombardia,2177,NO
858995,Mourad,40,Abruzzo,1465,SI
867269,El mostafa,,Sicilia,2438,SI
895886,Rosangela,50,Valle d'Aosta,1603,NO
879991,<NA>,47,Calabria,2050,SI
884301,Teresita,36,Piemonte,2504,NO
826043,Ismail,43,Puglia,1836,SI
827424,Marioara,39,,,SI
868325,Rinaldo,55,,2630,NO
885901,Bouchaib,37,Emilia Romagna,1783,SI
801444,Rachel,19,Piemonte,1826,NO
899878,<NA>,63,,2399,NO
849774,Massimo,40,Abruzzo,1326,NO
834932,Davide,44,,1575,NO
825183,Klaudia,37,Calabria,2080,NO
814170,Gioia,48,,1979,NO
827241,Damiano,31,,2682,
856194,Bukurije,54,Marche,1540,NO
827517,Mioara,22,Basilicata,2370,NO
869058,Susi,35,Emilia Romagna,2475,NO
850880,Clementina,26,Lazio,1818,SI
831320,Concetta,32,Umbria,1454,SI
848751,Piera anna,55,Trentino-Alto Adige,2522,NO
889292,Desara,51,Piemonte,1745,SI
804175,Carlo alberto,,Trentino-Alto Adige,1497,NO
891342,Italo,45,Lombardia,2272,SI
807628,Grigore,54,Puglia,1309,SI
838387,Consuelo,60,Lombardia,2327,SI
857766,Abdelhadi,62,,1664,SI
831595,Ikram,56,Calabria,1449,NO
889742,Aurica,,Sardegna,1773,SI
804726,Michel,51,,1460,
824422,Bernardina,25,Trentino-Alto Adige,1692,NO
860156,Meri,,Piemonte,1697,SI
868604,Marika,24,Basilicata,2691,NO
816178,Vasile,24,Piemonte,2626,NO
835945,Maria stefania,40,,1651,SI
863288,Jolanda,26,Piemonte,2472,SI
864963,Ivan,51,Toscana,2684,NO
833719,Fatima zahra,,,1448,SI
846935,Ilie,22,Valle d'Aosta,2101,SI
802358,Antonella maria,63,Toscana,1933,SI
824554,Suada,26,Puglia,2158,SI
870363,Riccardo,27,Lazio,2560,NO
819741,Franco antonio,45,Umbria,1886,NO
885387,Paride,52,,1454,
858450,Bianca,52,Puglia,,NO
847504,Vanna,50,Piemonte,2214,NO
889612,Maria grazia,,Piemonte,2119,NO
821661,Attilio,27,,2252,NO
884381,Tomas,38,Puglia,1440,NO
871219,Piera carla,35,Marche,1656,SI
848039,Magda,18,Emilia Romagna,2353,NO
833784,Carmen,43,Toscana,1320,NO
870201,Erjon,59,,2547,NO
886127,Carla maria,23,Campania,2149,NO
847566,El mehdi,32,,1817,NO
891216,Suada,23,,2623,NO
